Region,"Population estimates, July 1, 2018,  (V2018)","Population estimates base, April 1, 2010,  (V2018)","Population, percent change - April 1, 2010 (estimates base) to July 1, 2018,  (V2018)","Population, Census, April 1, 2010","Persons under 5 years, percent","Persons under 18 years, percent","Persons 65 years and over, percent","Female persons, percent","White alone, percent","Black or African American alone, percent","American Indian and Alaska Native alone, percent","Asian alone, percent","Native Hawaiian and Other Pacific Islander alone, percent","Two or More Races, percent","Hispanic or Latino, percent","White alone, not Hispanic or Latino, percent","Veterans, 2013-2017","Foreign born persons, percent, 2013-2017","Housing units,  July 1, 2018,  (V2018)","Owner-occupied housing unit rate, 2013-2017","Median value of owner-occupied housing units, 2013-2017","Median selected monthly owner costs -with a mortgage, 2013-2017","Median selected monthly owner costs -without a mortgage, 2013-2017","Median gross rent, 2013-2017","Building permits, 2018","Households, 2013-2017","Persons per household, 2013-2017","Living in same house 1 year ago, percent of persons age 1 year+, 2013-2017","Language other than English spoken at home, percent of persons age 5 years+, 2013-2017","Households with a computer, percent, 2013-2017","Households with a broadband Internet subscription, percent, 2013-2017","High school graduate or higher, percent of persons age 25 years+, 2013-2017","Bachelor's degree or higher, percent of persons age 25 years+, 2013-2017","With a disability, under age 65 years, percent, 2013-2017","Persons  without health insurance, under age 65 years, percent","In civilian labor force, total, percent of population age 16 years+, 2013-2017","In civilian labor force, female, percent of population age 16 years+, 2013-2017","Total accommodation and food services sales, 2012 ($1,000)","Total health care and social assistance receipts/revenue, 2012 ($1,000)","Total manufacturers shipments, 2012 ($1,000)","Total merchant wholesaler sales, 2012 ($1,000)","Total retail sales, 2012 ($1,000)","Total retail sales per capita, 2012","Mean travel time to work (minutes), workers age 16 years+, 2013-2017","Median household income (in 2017 dollars), 2013-2017","Per capita income in past 12 months (in 2017 dollars), 2013-2017","Persons in poverty, percent","Total employer establishments, 2016","Total employment, 2016","Total annual payroll, 2016 ($1,000)","Total employment, percent change, 2015-2016","Total nonemployer establishments, 2017","All firms, 2012","Men-owned firms, 2012","Women-owned firms, 2012","Minority-owned firms, 2012","Nonminority-owned firms, 2012","Veteran-owned firms, 2012","Nonveteran-owned firms, 2012","Population per square mile, 2010","Land area in square miles, 2010",FIPS Code
District.of.Columbia,"702,455","601,766",16.70%,"601,723",6.50%,18.10%,12.10%,52.60%,45.60%,46.40%,0.60%,4.40%,0.10%,2.80%,11.30%,37.10%,"27,695",14.00%,"319,531",41.70%,"$537,400 ","$2,375 ",$666 ,"$1,424 ","4,615","277,985",2.28,80.00%,17.50%,88.20%,77.60%,90.30%,56.60%,8.60%,4.20%,68.90%,66.90%,"5,101,602","8,963,981","309,832","2,591,868","4,439,933","$7,022 ",30,"$77,649 ","$50,832 ",16.60%,"23,177","526,879","39,833,690",2.70%,"61,347","63,408","30,237","27,064","29,983","29,521","5,070","54,217","9,856.50",61.05,"""11"""
Florida,"21,299,325","18,804,580",13.30%,"18,801,310",5.40%,19.90%,20.50%,51.10%,77.30%,16.90%,0.50%,3.00%,0.10%,2.20%,26.10%,53.50%,"1,454,632",20.20%,"9,547,305",64.80%,"$178,700 ","$1,432 ",$475 ,"$1,077 ","144,427","7,510,882",2.64,84.10%,28.70%,88.10%,78.60%,87.60%,28.50%,8.60%,15.90%,58.40%,54.10%,"49,817,925","124,061,425","96,924,106","252,626,608","273,867,145","$14,177 ",27,"$50,883 ","$28,774 ",14.00%,"546,218","8,169,642","363,336,322",5.00%,"2,245,127","2,100,187","1,084,885","807,817","926,112","1,121,749","185,756","1,846,686",350.6,"53,624.76","""12"""
Nevada,"3,034,392","2,700,679",12.40%,"2,700,551",6.10%,22.70%,15.70%,49.90%,74.30%,10.10%,1.70%,8.70%,0.80%,4.50%,29.00%,48.70%,"210,461",19.50%,"1,268,633",55.40%,"$216,400 ","$1,422 ",$411 ,"$1,017 ","17,645","1,052,249",2.71,80.60%,30.50%,89.70%,79.30%,85.80%,23.70%,9.10%,13.00%,63.60%,58.80%,"27,481,505","13,928,514","14,719,141","19,841,701","38,234,170","$13,858 ",24,"$55,434 ","$28,450 ",13.00%,"64,815","1,165,298","49,207,817",3.10%,"233,007","227,156","114,057","82,508","71,864","144,944","23,049","191,293",24.6,"109,781.18","""32"""
New.Jersey,"8,908,520","8,791,962",1.30%,"8,791,894",5.80%,21.90%,16.10%,51.10%,72.00%,15.00%,0.60%,10.00%,0.10%,2.30%,20.60%,54.90%,"351,542",22.10%,"3,628,302",64.10%,"$321,100 ","$2,398 ","$1,005 ","$1,249 ","27,942","3,199,111",2.74,90.00%,31.00%,88.90%,82.50%,89.20%,38.10%,6.70%,9.00%,65.50%,60.20%,"19,673,558","60,375,232","108,854,971","288,467,844","133,665,728","$15,079 ",31.5,"$76,475 ","$39,069 ",10.00%,"231,974","3,636,293","214,757,817",2.20%,"716,918","792,088","464,592","252,944","237,242","533,808","57,996","707,975","1,195.50","7,354.22","""34"""
New.York,"19,542,209","19,378,124",0.80%,"19,378,102",5.80%,20.80%,16.40%,51.40%,69.70%,17.60%,1.00%,9.00%,0.10%,2.60%,19.20%,55.40%,"757,900",22.70%,"8,363,934",54.00%,"$293,000 ","$2,064 ",$728 ,"$1,194 ","37,778","7,302,710",2.63,89.40%,30.60%,86.80%,78.90%,86.10%,35.30%,7.50%,6.60%,63.10%,58.60%,"49,285,508","155,666,053","148,879,931","341,734,970","251,167,736","$12,834 ",33,"$62,765 ","$35,752 ",14.10%,"544,073","8,178,455","521,872,694",2.20%,"1,751,378","2,008,988","1,139,910","725,709","709,021","1,248,304","137,532","1,811,544",411.2,"47,126.40","""36"""
Colorado,"5,695,564","5,029,316",13.20%,"5,029,196",5.90%,22.20%,14.20%,49.60%,87.10%,4.60%,1.60%,3.50%,0.20%,3.10%,21.70%,67.90%,"376,336",9.80%,"2,424,051",64.70%,"$286,100 ","$1,623 ",$442 ,"$1,125 ","42,627","2,082,531",2.55,81.30%,16.90%,91.90%,83.80%,91.10%,39.40%,7.30%,8.60%,67.40%,62.40%,"13,617,654","29,488,161","50,447,098","77,034,971","67,815,200","$13,073 ",25.2,"$65,458 ","$34,845 ",10.30%,"165,264","2,318,190","120,398,734",2.90%,"517,350","547,352","284,554","194,508","85,849","442,365","51,722","469,524",48.5,"103,641.89","""08"""
California,"39,557,045","37,254,523",6.20%,"37,253,956",6.20%,22.70%,14.30%,50.30%,72.10%,6.50%,1.60%,15.30%,0.50%,3.90%,39.30%,36.80%,"1,661,433",27.00%,"14,277,157",54.50%,"$443,400 ","$2,206 ",$542 ,"$1,358 ","113,502","12,888,128",2.96,86.20%,44.00%,90.20%,82.60%,82.50%,32.60%,6.90%,8.10%,63.00%,57.10%,"90,830,372","248,953,592","512,303,164","666,652,186","481,800,461","$12,665 ",28.8,"$67,169 ","$33,128 ",13.30%,"922,477","14,600,349","886,643,923",1.90%,"3,374,050","3,548,449","1,852,580","1,320,085","1,619,857","1,819,107","252,377","3,176,341",239.1,"155,779.22","""06"""
Arkansas,"3,013,825","2,916,028",3.40%,"2,915,918",6.30%,23.30%,17.00%,50.90%,79.10%,15.70%,1.00%,1.70%,0.40%,2.20%,7.70%,72.20%,"206,796",4.70%,"1,380,504",65.60%,"$118,500 ","$1,039 ",$336 ,$709 ,"10,179","1,147,291",2.52,84.20%,7.20%,81.90%,66.70%,85.60%,22.00%,12.50%,9.30%,57.90%,53.10%,"4,307,264","15,792,628","62,712,925","31,256,110","36,815,256","$12,483 ",21.6,"$43,813 ","$24,426 ",16.40%,"65,611","1,023,854","40,969,051",2.10%,"205,915","231,959","123,158","75,962","35,982","189,029","25,915","192,988",56,"52,035.48","""05"""
Arizona,"7,171,646","6,392,288",12.20%,"6,392,017",6.10%,22.90%,17.50%,50.30%,82.80%,5.10%,5.30%,3.70%,0.30%,2.90%,31.60%,54.40%,"486,760",13.40%,"3,035,669",63.10%,"$193,200 ","$1,354 ",$394 ,$972 ,"41,664","2,482,311",2.68,81.90%,27.00%,88.20%,79.40%,86.50%,28.40%,8.50%,12.00%,59.20%,54.30%,"13,996,635","37,055,881","51,243,473","69,437,272","84,716,542","$12,927 ",25.1,"$53,510 ","$27,964 ",14.90%,"139,134","2,379,409","106,431,260",3.70%,"485,984","499,926","245,243","182,425","135,313","344,981","46,780","427,582",56.3,"113,594.08","""04"""
Alaska,"737,438","710,249",3.80%,"710,231",7.20%,24.90%,11.80%,47.90%,65.30%,3.80%,15.40%,6.60%,1.40%,7.40%,7.20%,60.30%,"67,004",7.60%,"318,336",63.70%,"$261,900 ","$1,862 ",$571 ,"$1,200 ","1,677","252,536",2.81,81.20%,16.00%,92.40%,82.90%,92.40%,29.00%,8.50%,15.30%,67.10%,64.50%,"2,221,335","6,375,483",D,"5,216,303","10,474,275","$14,320 ",18.8,"$76,114 ","$35,065 ",11.10%,"21,077","266,072","15,239,195",-0.70%,"56,796","68,032","35,402","22,141","13,688","51,147","7,953","56,091",1.2,"570,640.95","""02"""
Alabama,"4,887,871","4,780,138",2.30%,"4,779,736",6.00%,22.30%,16.90%,51.60%,69.10%,26.80%,0.70%,1.50%,0.10%,1.70%,4.40%,65.40%,"341,642",3.50%,"2,274,565",68.60%,"$132,100 ","$1,149 ",$348 ,$747 ,"14,824","1,856,695",2.55,85.80%,5.10%,81.40%,70.20%,85.30%,24.50%,11.70%,11.10%,57.30%,52.40%,"7,576,462","26,039,632","124,809,759","57,746,565","58,564,965","$12,145 ",24.6,"$46,472 ","$25,746 ",16.90%,"99,584","1,673,249","68,970,623",2.40%,"329,993","374,153","203,604","137,630","92,219","272,651","41,943","316,984",94.4,"50,645.33","""01"""
Illinois,"12,741,080","12,831,572",-0.70%,"12,830,632",6.00%,22.40%,15.60%,50.90%,76.90%,14.60%,0.60%,5.90%,0.10%,2.00%,17.40%,61.00%,"614,725",14.00%,"5,376,064",66.10%,"$179,700 ","$1,633 ",$603 ,$952 ,"21,510","4,818,452",2.61,86.90%,22.80%,86.70%,78.40%,88.60%,33.40%,7.10%,7.80%,65.20%,60.40%,"27,937,381","83,431,778","281,037,755","295,456,992","166,634,514","$12,942 ",28.7,"$61,229 ","$32,924 ",12.60%,"319,605","5,513,071","295,308,470",1.60%,"985,260","1,135,017","609,648","417,500","311,684","795,129","89,110","1,006,885",231.1,"55,518.93","""17"""
Idaho,"1,754,208","1,567,657",11.90%,"1,567,582",6.60%,25.50%,15.90%,49.90%,93.00%,0.90%,1.70%,1.60%,0.20%,2.50%,12.70%,81.70%,"115,437",5.90%,"735,672",69.20%,"$176,800 ","$1,195 ",$357 ,$792 ,"15,824","609,124",2.67,82.60%,10.70%,88.90%,77.20%,90.20%,26.80%,9.30%,11.90%,62.20%,56.30%,"2,680,225","7,895,614","20,201,432","17,906,012","20,444,278","$12,812 ",20.6,"$50,985 ","$25,471 ",12.80%,"45,826","562,282","22,243,275",2.90%,"130,699","146,642","70,438","45,121","10,592","130,973","12,804","124,314",19,"82,643.12","""16"""
Hawaii,"1,420,491","1,360,307",4.40%,"1,360,301",6.20%,21.40%,18.40%,49.90%,25.60%,2.20%,0.40%,37.60%,10.20%,24.00%,10.70%,21.80%,"106,630",18.10%,"546,213",58.10%,"$563,900 ","$2,303 ",$507 ,"$1,507 ","4,659","455,502",3.02,86.10%,25.80%,89.00%,81.80%,91.60%,32.00%,6.50%,4.60%,61.60%,59.10%,"9,536,706","8,136,947",D,"9,607,982","18,901,745","$13,576 ",27.4,"$74,923 ","$32,511 ",9.50%,"32,350","528,415","22,892,445",0.90%,"111,003","118,454","60,409","44,453","74,208","38,510","11,148","101,334",211.8,"6,422.63","""15"""
Georgia,"10,519,475","9,688,709",8.60%,"9,687,653",6.20%,23.80%,13.90%,51.40%,60.50%,32.40%,0.50%,4.30%,0.10%,2.20%,9.80%,52.40%,"646,350",10.00%,"4,326,105",63.00%,"$158,400 ","$1,351 ",$402 ,$927 ,"59,315","3,663,104",2.71,84.30%,13.90%,87.00%,76.80%,86.30%,29.90%,8.80%,15.40%,62.40%,58.00%,"18,976,611","51,800,643","155,836,792","143,645,290","119,801,495","$12,077 ",28,"$52,977 ","$28,015 ",14.90%,"228,330","3,804,433","182,911,144",3.00%,"915,043","929,864","480,578","376,506","371,588","538,893","96,787","800,585",168.4,"57,513.49","""13"""
Delaware,"967,171","897,934",7.70%,"897,934",5.70%,21.10%,18.70%,51.60%,69.50%,23.00%,0.70%,4.10%,0.10%,2.70%,9.50%,61.90%,"66,854",9.10%,"438,693",71.30%,"$238,600 ","$1,533 ",$450 ,"$1,076 ","6,003","352,357",2.61,86.90%,12.80%,88.40%,79.60%,89.30%,31.00%,8.20%,6.40%,61.90%,58.30%,"2,148,437","7,003,251","22,597,384","5,628,914","14,456,001","$15,763 ",25.7,"$63,036 ","$32,625 ",13.60%,"25,366","400,069","21,196,371",0.70%,"65,634","73,418","38,328","23,964","14,440","54,782","7,206","60,318",460.8,"1,948.54","""10"""
Connecticut,"3,572,665","3,574,147",Z,"3,574,097",5.10%,20.60%,17.20%,51.20%,80.00%,12.00%,0.60%,4.90%,0.10%,2.40%,16.50%,66.50%,"180,111",14.20%,"1,521,117",66.60%,"$270,100 ","$2,065 ",$851 ,"$1,123 ","4,815","1,361,755",2.55,87.90%,22.10%,88.20%,82.10%,90.20%,38.40%,7.30%,6.40%,66.50%,62.20%,"9,542,068","29,573,119","55,160,095","161,962,244","51,632,467","$14,381 ",26,"$73,781 ","$41,365 ",9.60%,"89,416","1,533,879","94,658,647",2.00%,"281,453","326,693","187,845","106,678","56,113","259,614","31,056","281,182",738.1,"4,842.36","""09"""
Maine,"1,338,404","1,328,369",0.80%,"1,328,361",4.80%,18.70%,20.60%,51.00%,94.60%,1.60%,0.70%,1.20%,Z,1.80%,1.70%,93.10%,"110,362",3.60%,"746,596",72.00%,"$179,900 ","$1,357 ",$483 ,$808 ,"4,697","554,061",2.34,86.50%,6.20%,87.00%,77.70%,92.10%,30.30%,11.80%,10.00%,63.00%,59.80%,"2,901,347","10,297,043","16,044,543","12,961,262","21,521,714","$16,192 ",23.8,"$53,024 ","$29,886 ",11.10%,"41,178","511,936","21,349,199",2.30%,"116,299","139,570","79,243","42,067","4,339","131,322","15,689","115,839",43.1,"30,842.92","""23"""
Louisiana,"4,659,978","4,533,485",2.80%,"4,533,372",6.60%,23.50%,15.40%,51.20%,62.90%,32.70%,0.80%,1.80%,0.10%,1.70%,5.20%,58.60%,"254,920",4.20%,"2,076,028",65.50%,"$152,900 ","$1,234 ",$326 ,$825 ,"15,835","1,737,645",2.61,86.70%,8.30%,81.60%,70.20%,84.30%,23.40%,10.90%,9.70%,59.60%,55.50%,"11,697,949","27,951,792","271,191,050","68,012,838","61,396,364","$13,342 ",25.2,"$46,710 ","$26,205 ",19.70%,"105,732","1,709,226","75,125,447",-0.90%,"378,493","414,291","215,111","151,114","126,100","277,676","42,211","354,460",104.9,"43,203.90","""22"""
Kentucky,"4,468,402","4,339,333",3.00%,"4,339,367",6.20%,22.60%,16.40%,50.70%,87.60%,8.40%,0.30%,1.60%,0.10%,2.00%,3.80%,84.30%,"279,153",3.60%,"1,995,182",67.00%,"$130,000 ","$1,131 ",$356 ,$713 ,"13,826","1,724,514",2.49,84.50%,5.30%,82.40%,72.90%,85.20%,23.20%,13.00%,6.30%,59.00%,54.70%,"7,500,115","26,264,745","129,284,438","71,745,899","54,869,978","$12,526 ",23.1,"$46,535 ","$25,888 ",17.20%,"92,000","1,603,173","65,242,827",1.50%,"291,230","331,546","184,154","106,011","27,258","296,155","33,208","282,704",109.9,"39,486.34","""21"""
Kansas,"2,911,505","2,853,126",2.00%,"2,853,118",6.50%,24.20%,15.90%,50.20%,86.40%,6.10%,1.20%,3.10%,0.10%,3.00%,12.10%,75.70%,"185,292",7.00%,"1,280,774",66.40%,"$139,200 ","$1,310 ",$476 ,$801 ,"9,478","1,121,943",2.52,83.70%,11.50%,86.90%,77.50%,90.50%,32.30%,8.80%,10.20%,65.80%,61.20%,"4,873,411","18,248,370","86,076,260","60,226,324","38,276,461","$13,263 ",19.2,"$55,477 ","$29,600 ",11.90%,"74,884","1,184,710","51,016,318",-0.40%,"201,268","239,118","125,169","77,194","26,127","204,562","21,610","203,401",34.9,"81,758.72","""20"""
Iowa,"3,156,145","3,046,872",3.60%,"3,046,355",6.30%,23.20%,17.10%,50.20%,90.70%,4.00%,0.50%,2.70%,0.10%,1.90%,6.20%,85.30%,"193,451",5.00%,"1,409,650",71.10%,"$137,200 ","$1,202 ",$456 ,$740 ,"11,518","1,251,587",2.41,84.70%,7.60%,86.20%,76.60%,91.80%,27.70%,7.90%,5.50%,67.50%,63.20%,"5,468,687","18,583,828","116,668,830","62,318,301","44,905,624","$14,607 ",19,"$56,570 ","$30,063 ",10.70%,"81,563","1,354,487","56,930,435",1.20%,"211,320","259,121","135,382","82,345","14,707","236,561","25,889","217,779",54.5,"55,857.13","""19"""
Indiana,"6,691,878","6,484,061",3.20%,"6,483,802",6.30%,23.40%,15.80%,50.70%,85.10%,9.80%,0.40%,2.50%,0.10%,2.10%,7.10%,78.90%,"397,715",5.00%,"2,903,554",68.90%,"$130,200 ","$1,109 ",$389 ,$782 ,"21,480","2,537,189",2.53,85.00%,8.40%,85.50%,75.00%,88.30%,25.30%,9.90%,9.50%,63.80%,58.90%,"13,076,602","42,493,117","242,763,842","81,173,422","85,857,962","$13,133 ",23.4,"$52,182 ","$27,305 ",13.50%,"146,078","2,720,277","117,009,032",2.20%,"415,261","479,059","253,533","162,798","61,252","405,090","45,174","412,543",181,"35,826.11","""18"""
Missouri,"6,126,452","5,988,952",2.30%,"5,988,927",6.10%,22.50%,16.90%,50.90%,83.00%,11.80%,0.60%,2.10%,0.20%,2.30%,4.30%,79.30%,"424,605",4.00%,"2,806,371",66.90%,"$145,400 ","$1,225 ",$420 ,$784 ,"16,875","2,386,203",2.47,84.30%,6.00%,85.60%,75.00%,89.20%,28.20%,10.50%,10.80%,62.80%,58.90%,"12,430,310","40,089,316","111,535,362","91,916,351","90,546,581","$15,036 ",23.5,"$51,542 ","$28,282 ",13.40%,"160,912","2,494,720","112,072,115",2.10%,"418,097","491,606","257,948","162,616","61,035","415,972","49,217","415,542",87.1,"68,741.52","""29"""
Mississippi,"2,986,530","2,968,118",0.60%,"2,967,297",6.20%,23.60%,15.90%,51.50%,59.10%,37.80%,0.60%,1.10%,0.10%,1.30%,3.40%,56.50%,"172,587",2.30%,"1,332,577",68.10%,"$109,300 ","$1,105 ",$346 ,$740 ,"6,883","1,103,514",2.62,86.30%,3.90%,79.00%,64.30%,83.40%,21.30%,11.70%,14.20%,57.20%,53.60%,"6,999,175","16,630,587","66,441,608","28,302,952","37,053,190","$12,413 ",24.4,"$42,009 ","$22,500 ",19.80%,"58,850","939,322","34,356,961",1.40%,"219,596","235,454","125,079","89,159","74,824","155,094","26,789","198,566",63.2,"46,923.27","""28"""
Minnesota,"5,611,179","5,303,925",5.80%,"5,303,925",6.30%,23.20%,15.90%,50.20%,84.10%,6.80%,1.40%,5.10%,0.10%,2.50%,5.50%,79.50%,"319,438",8.20%,"2,456,064",71.60%,"$199,700 ","$1,506 ",$499 ,$906 ,"25,673","2,153,202",2.49,85.60%,11.30%,89.10%,80.80%,92.80%,34.80%,7.30%,5.10%,69.80%,66.10%,"11,722,627","40,403,572","123,076,309","104,485,117","78,898,182","$14,667 ",23.4,"$65,699 ","$34,712 ",9.50%,"150,115","2,661,627","137,135,936",1.90%,"409,860","489,494","268,710","157,821","47,302","428,716","45,582","419,628",66.6,"79,626.74","""27"""
Michigan,"9,995,915","9,884,117",1.10%,"9,883,640",5.70%,21.70%,17.20%,50.80%,79.30%,14.10%,0.70%,3.40%,Z,2.50%,5.20%,74.90%,"581,527",6.60%,"4,614,380",71.00%,"$136,400 ","$1,251 ",$471 ,$824 ,"19,580","3,888,646",2.49,85.40%,9.40%,86.50%,76.30%,90.20%,28.10%,10.40%,6.10%,61.20%,57.00%,"17,962,356","63,018,786","238,892,383","115,704,903","119,302,046","$12,071 ",24.3,"$52,668 ","$28,938 ",14.20%,"220,412","3,805,578","183,192,569",2.20%,"715,824","834,087","446,128","306,986","158,946","657,237","71,861","733,517",174.8,"56,538.90","""26"""
Massachusetts,"6,902,149","6,547,790",5.40%,"6,547,629",5.20%,19.80%,16.50%,51.50%,80.80%,8.90%,0.50%,7.10%,0.10%,2.50%,12.30%,71.40%,"325,299",16.20%,"2,914,929",62.40%,"$352,600 ","$2,102 ",$754 ,"$1,173 ","17,044","2,585,715",2.53,87.00%,23.10%,88.90%,83.00%,90.30%,42.10%,7.90%,3.30%,67.30%,63.40%,"17,508,975","63,583,090","81,927,799","123,904,370","92,915,380","$13,980 ",29.3,"$74,167 ","$39,913 ",10.50%,"177,631","3,254,781","204,747,200",2.80%,"559,925","607,664","357,158","199,210","89,967","499,959","58,339","525,667",839.4,"7,800.06","""25"""
Maryland,"6,042,718","5,773,798",4.70%,"5,773,552",6.00%,22.20%,15.40%,51.50%,58.80%,30.90%,0.60%,6.70%,0.10%,2.90%,10.40%,50.50%,"380,555",14.90%,"2,458,801",66.80%,"$296,500 ","$1,954 ",$598 ,"$1,311 ","18,647","2,181,093",2.68,86.30%,18.00%,90.20%,82.80%,89.80%,39.00%,7.40%,7.00%,67.50%,63.70%,"12,516,782","40,821,901","39,532,989","60,734,191","76,379,707","$12,980 ",32.7,"$78,916 ","$39,070 ",9.30%,"138,480","2,282,725","121,952,023",1.90%,"497,161","531,953","276,630","209,119","203,394","314,902","50,976","462,232",594.8,"9,707.24","""24"""
North.Carolina,"10,383,620","9,535,736",8.90%,"9,535,483",5.90%,22.20%,16.30%,51.40%,70.60%,22.20%,1.60%,3.20%,0.10%,2.30%,9.60%,62.80%,"670,326",7.80%,"4,684,876",65.00%,"$161,000 ","$1,261 ",$383 ,$844 ,"71,691","3,874,346",2.53,84.80%,11.40%,85.50%,75.80%,86.90%,29.90%,9.60%,12.60%,61.40%,57.40%,"18,622,258","55,227,505","202,344,646","105,275,586","120,691,007","$12,376 ",24.3,"$50,320 ","$28,123 ",14.70%,"227,347","3,794,926","170,980,033",3.40%,"760,638","805,985","435,677","287,058","183,380","603,182","86,571","684,743",196.1,"48,617.91","""37"""
New.Mexico,"2,095,428","2,059,180",1.80%,"2,059,179",5.90%,23.00%,17.50%,50.50%,82.00%,2.60%,10.90%,1.80%,0.20%,2.60%,49.10%,37.10%,"150,650",9.70%,"943,208",67.90%,"$163,900 ","$1,244 ",$340 ,$809 ,"4,813","770,435",2.65,86.20%,35.00%,81.70%,69.90%,85.00%,26.90%,10.40%,10.70%,58.00%,54.10%,"4,349,672","11,236,630","29,102,352","10,720,363","25,179,274","$12,073 ",21.8,"$46,718 ","$25,257 ",19.70%,"43,771","628,723","25,029,224",0.40%,"124,091","151,363","71,132","59,044","60,622","83,857","14,096","128,693",17,"121,298.15","""35"""
New.Hampshire,"1,356,458","1,316,464",3.00%,"1,316,470",4.70%,19.00%,18.10%,50.40%,93.20%,1.70%,0.30%,3.00%,Z,1.80%,3.90%,90.00%,"100,474",5.90%,"638,091",70.70%,"$244,900 ","$1,878 ",$773 ,"$1,052 ","4,445","526,710",2.45,85.80%,7.80%,91.20%,84.60%,92.80%,36.00%,8.80%,6.90%,67.80%,63.60%,"2,942,278","9,616,460","18,895,624","18,029,179","26,018,201","$19,700 ",27.2,"$71,305 ","$36,914 ",7.70%,"37,868","594,243","29,193,307",3.10%,"107,083","131,638","76,716","38,525","6,111","121,297","16,119","108,817",147,"8,952.65","""33"""
Nebraska,"1,929,268","1,826,305",5.60%,"1,826,341",6.90%,24.70%,15.70%,50.10%,88.30%,5.10%,1.50%,2.70%,0.10%,2.30%,11.20%,78.60%,"122,311",6.90%,"845,042",66.00%,"$142,400 ","$1,315 ",$494 ,$773 ,"7,866","748,405",2.46,83.80%,11.20%,86.90%,78.50%,90.90%,30.60%,7.60%,9.60%,69.60%,64.90%,"3,094,498","12,869,418","57,499,177","42,618,995","30,470,717","$16,422 ",18.4,"$56,675 ","$29,866 ",10.80%,"54,265","884,450","37,715,004",1.60%,"137,380","164,089","83,696","51,936","14,571","144,122","16,693","137,254",23.8,"76,824.17","""31"""
Montana,"1,062,305","989,409",7.40%,"989,415",5.90%,21.60%,18.70%,49.70%,89.00%,0.60%,6.60%,0.90%,0.10%,2.80%,4.00%,85.90%,"84,878",2.10%,"515,175",67.70%,"$209,100 ","$1,344 ",$405 ,$751 ,"5,099","419,975",2.38,83.90%,3.90%,86.10%,76.10%,93.00%,30.70%,9.40%,10.20%,63.20%,59.30%,"2,420,455","6,469,475","11,535,236","12,645,824","15,623,573","$15,544 ",17.8,"$50,801 ","$28,706 ",12.50%,"37,626","378,463","14,542,766",0.90%,"91,520","112,419","55,913","35,449","5,578","102,746","11,486","93,393",6.8,"145,545.80","""30"""
Rhode.Island,"1,057,315","1,052,957",0.40%,"1,052,567",5.10%,19.40%,17.20%,51.40%,83.90%,8.40%,1.10%,3.60%,0.20%,2.80%,15.90%,72.00%,"59,535",13.70%,"469,157",60.00%,"$242,200 ","$1,803 ",$705 ,$957 ,"1,294","412,028",2.46,86.80%,22.00%,86.40%,80.00%,87.30%,33.00%,9.50%,5.50%,64.80%,61.00%,"2,481,314","8,223,005","11,262,158","22,310,389","12,063,865","$11,486 ",24.6,"$61,043 ","$33,315 ",11.60%,"28,685","435,148","20,150,835",2.20%,"80,905","94,642","54,651","30,484","14,737","77,042","9,904","79,837","1,018.10","1,033.81","""44"""
Pennsylvania,"12,807,060","12,702,873",0.80%,"12,702,379",5.50%,20.70%,18.20%,51.00%,81.80%,12.00%,0.40%,3.70%,0.10%,2.10%,7.60%,76.10%,"803,420",6.60%,"5,713,150",69.00%,"$170,500 ","$1,446 ",$515 ,$885 ,"23,325","5,007,442",2.47,87.70%,11.00%,84.80%,76.80%,89.90%,30.10%,9.60%,6.60%,62.60%,58.20%,"23,504,192","96,329,248","231,396,178","191,170,147","178,794,945","$14,008 ",26.7,"$56,951 ","$31,476 ",12.50%,"301,484","5,354,964","261,082,307",0.90%,"849,036","975,453","579,400","304,803","131,512","818,858","97,969","837,792",283.9,"44,742.70","""42"""
Oregon,"4,190,713","3,831,075",9.40%,"3,831,074",5.60%,20.80%,17.60%,50.40%,86.80%,2.20%,1.80%,4.80%,0.50%,3.90%,13.30%,75.30%,"291,153",9.90%,"1,788,681",61.70%,"$265,700 ","$1,594 ",$497 ,$988 ,"20,132","1,571,631",2.5,82.00%,15.20%,90.50%,81.90%,90.20%,32.30%,10.20%,8.20%,62.10%,57.60%,"8,466,788","24,956,816","51,349,948","48,325,261","49,481,054","$12,690 ",23.5,"$56,119 ","$30,410 ",13.20%,"114,551","1,551,192","74,062,716",3.50%,"295,127","339,305","165,691","123,015","41,456","285,028","30,918","288,790",39.9,"95,988.01","""41"""
Oklahoma,"3,943,079","3,751,583",5.10%,"3,751,351",6.60%,24.30%,15.70%,50.50%,74.20%,7.80%,9.30%,2.30%,0.20%,6.20%,10.90%,65.30%,"276,948",5.90%,"1,743,069",65.70%,"$125,800 ","$1,181 ",$383 ,$766 ,"10,502","1,468,971",2.58,82.80%,10.10%,84.90%,72.80%,87.50%,24.80%,11.40%,16.60%,60.80%,55.50%,"7,121,153","22,795,438","74,295,394","71,892,946","50,256,231","$13,174 ",21.5,"$49,767 ","$26,461 ",15.80%,"93,232","1,360,379","57,193,626",-0.80%,"287,984","327,229","174,395","105,168","64,875","249,027","36,273","273,491",54.7,"68,594.92","""40"""
Ohio,"11,689,442","11,536,757",1.30%,"11,536,504",5.90%,22.20%,17.10%,51.00%,81.90%,13.00%,0.30%,2.50%,0.10%,2.30%,3.90%,78.70%,"752,153",4.30%,"5,217,423",66.10%,"$135,100 ","$1,247 ",$458 ,$764 ,"24,221","4,633,145",2.44,85.10%,6.90%,85.80%,77.10%,89.80%,27.20%,10.00%,7.00%,63.10%,58.90%,"20,652,777","80,915,693","313,629,976","155,426,023","153,553,997","$13,301 ",23.4,"$52,407 ","$29,011 ",14.00%,"252,201","4,790,178","218,466,744",1.50%,"785,833","904,814","510,078","306,824","122,653","759,569","91,316","776,193",282.3,"40,860.69","""39"""
North.Dakota,"760,077","672,576",13.00%,"672,591",7.20%,23.50%,15.30%,48.80%,87.00%,3.40%,5.50%,1.80%,0.10%,2.20%,3.90%,84.00%,"47,228",3.60%,"377,649",63.30%,"$174,100 ","$1,326 ",$441 ,$775 ,"3,211","311,525",2.31,82.30%,5.60%,87.30%,77.50%,92.30%,28.90%,7.00%,8.80%,69.50%,65.00%,"2,045,123","5,418,355","14,427,360","28,150,837","15,519,816","$22,183 ",17.1,"$61,285 ","$34,256 ",10.30%,"24,601","346,947","15,816,748",-5.20%,"55,317","68,270","37,016","20,316","3,190","62,271","6,584","56,904",9.7,"69,000.80","""38"""
Vermont,"626,299","625,744",0.10%,"625,741",4.70%,18.50%,19.40%,50.60%,94.20%,1.40%,0.40%,2.00%,Z,2.00%,2.00%,92.50%,"40,145",4.50%,"337,110",70.50%,"$220,600 ","$1,563 ",$655 ,$945 ,"2,080","258,535",2.32,86.70%,5.60%,87.60%,78.60%,92.30%,36.80%,10.30%,5.50%,65.80%,63.00%,"1,564,272","4,457,996","9,315,494","6,450,076","9,933,751","$15,868 ",22.8,"$57,808 ","$31,917 ",11.30%,"21,174","262,705","10,828,353",-1.40%,"61,505","75,827","41,270","23,417","2,354","70,491","8,237","63,317",67.9,"9,216.66","""50"""
Utah,"3,161,105","2,763,891",14.40%,"2,763,885",8.00%,29.50%,11.10%,49.60%,90.70%,1.40%,1.50%,2.70%,1.10%,2.60%,14.20%,78.00%,"125,074",8.30%,"1,108,763",69.60%,"$238,300 ","$1,455 ",$406 ,$948 ,"25,574","938,365",3.14,82.80%,14.80%,93.50%,83.70%,91.80%,32.50%,6.80%,10.10%,67.80%,59.70%,"4,789,281","14,521,857","50,046,429","30,927,885","38,024,486","$13,317 ",21.6,"$65,325 ","$26,907 ",9.70%,"77,504","1,239,348","54,331,488",2.90%,"236,794","251,419","132,163","76,269","24,423","218,826","18,754","219,807",33.6,"82,169.62","""49"""
Texas,"28,701,845","25,146,114",14.10%,"25,145,561",7.10%,25.80%,12.60%,50.30%,78.80%,12.80%,1.00%,5.20%,0.10%,2.00%,39.60%,41.50%,"1,482,871",16.90%,"11,100,779",62.00%,"$151,500 ","$1,484 ",$481 ,$952 ,"192,878","9,430,419",2.84,83.80%,35.30%,87.60%,76.80%,82.80%,28.70%,8.00%,19.40%,64.20%,57.70%,"54,480,811","145,035,130","702,603,073","691,242,607","356,116,376","$13,666 ",26.1,"$57,051 ","$28,985 ",14.70%,"579,168","10,429,924","526,782,643",1.90%,"2,399,267","2,356,748","1,251,696","866,678","1,070,392","1,224,845","213,590","2,057,218",96.3,"261,231.71","""48"""
Tennessee,"6,770,010","6,346,286",6.70%,"6,346,105",6.00%,22.20%,16.40%,51.20%,78.50%,17.10%,0.50%,1.90%,0.10%,2.00%,5.60%,73.70%,"441,554",5.00%,"2,992,279",66.30%,"$151,700 ","$1,196 ",$371 ,$808 ,"37,169","2,547,194",2.53,85.20%,7.00%,83.20%,72.40%,86.50%,26.10%,11.20%,11.20%,60.90%,56.20%,"12,499,013","42,383,683","139,960,482","111,718,421","91,641,605","$14,194 ",24.8,"$48,708 ","$27,277 ",15.00%,"135,352","2,592,600","114,896,051",3.40%,"524,081","550,453","302,249","195,694","105,234","434,025","59,379","469,392",153.9,"41,234.90","""47"""
South.Dakota,"882,235","814,198",8.40%,"814,180",7.00%,24.70%,16.60%,49.50%,84.40%,2.40%,9.00%,1.70%,0.10%,2.40%,4.10%,81.40%,"60,330",3.30%,"397,526",67.90%,"$152,700 ","$1,255 ",$456 ,$696 ,"4,963","339,458",2.42,83.70%,6.40%,85.30%,75.70%,91.40%,27.80%,8.30%,10.70%,68.30%,64.20%,"1,873,699","6,211,731","16,882,647","20,411,059","13,791,827","$16,550 ",17,"$54,126 ","$28,761 ",13.00%,"26,743","357,950","14,183,056",1.20%,"66,713","81,314","42,418","23,722","4,101","74,228","8,604","66,219",10.7,"75,811.00","""46"""
South.Carolina,"5,084,127","4,625,381",9.90%,"4,625,364",5.80%,21.80%,17.70%,51.50%,68.50%,27.10%,0.50%,1.80%,0.10%,1.90%,5.80%,63.70%,"367,921",4.90%,"2,318,271",68.60%,"$148,600 ","$1,202 ",$360 ,$836 ,"35,487","1,871,307",2.54,85.10%,6.90%,84.20%,72.40%,86.50%,27.00%,10.50%,13.20%,59.90%,56.00%,"9,763,818","22,941,292","99,160,840","45,520,900","58,093,824","$12,298 ",24.3,"$48,781 ","$26,645 ",15.40%,"105,959","1,716,496","69,050,740",3.30%,"351,453","367,726","202,446","131,856","83,233","276,269","47,987","303,137",153.9,"30,060.70","""45"""
Wyoming,"577,737","563,773",2.50%,"563,626",6.20%,23.30%,16.50%,49.00%,92.60%,1.30%,2.70%,1.10%,0.10%,2.20%,10.10%,83.80%,"46,540",3.60%,"278,595",69.20%,"$204,900 ","$1,389 ",$402 ,$828 ,"1,812","230,237",2.47,82.40%,7.30%,89.80%,79.20%,92.80%,26.70%,9.00%,14.50%,67.00%,62.00%,"1,644,844","3,291,478","10,783,794","5,597,891","9,446,043","$16,388 ",18,"$60,938 ","$31,214 ",11.30%,"20,966","208,440","9,303,969",-5.20%,"51,309","62,427","30,039","19,344","4,077","55,397","6,470","51,353",5.8,"97,093.14","""56"""
Wisconsin,"5,813,568","5,687,282",2.20%,"5,686,986",5.80%,22.00%,17.00%,50.20%,87.10%,6.70%,1.20%,3.00%,0.10%,2.00%,6.90%,81.10%,"350,330",4.90%,"2,710,723",67.00%,"$169,300 ","$1,399 ",$540 ,$813 ,"19,113","2,328,754",2.41,85.70%,8.70%,86.60%,78.10%,91.70%,29.00%,8.30%,6.40%,66.80%,63.20%,"10,303,256","40,680,625","177,728,926","77,066,883","78,201,822","$13,656 ",22,"$56,759 ","$30,557 ",11.30%,"140,859","2,524,329","115,817,145",0.80%,"350,624","432,980","236,252","133,859","40,507","379,934","39,830","370,755",105,"54,157.80","""55"""
West.Virginia,"1,805,832","1,853,001",-2.50%,"1,852,994",5.30%,20.20%,19.90%,50.50%,93.50%,3.60%,0.30%,0.80%,Z,1.80%,1.70%,92.10%,"138,508",1.60%,"893,778",72.70%,"$111,600 ",$997 ,$309 ,$681 ,"2,887","737,671",2.42,88.30%,2.50%,79.80%,70.30%,85.90%,19.90%,14.40%,7.50%,53.50%,49.00%,"4,036,333","12,259,395","24,553,072","14,295,437","22,637,923","$12,201 ",25.7,"$44,061 ","$24,774 ",19.10%,"36,607","558,905","21,637,981",-1.20%,"88,343","114,435","63,112","39,065","5,777","104,785","12,912","94,960",77.1,"24,038.21","""54"""
Washington,"7,535,591","6,724,540",12.10%,"6,724,540",6.10%,22.10%,15.40%,50.00%,78.90%,4.30%,1.90%,9.30%,0.80%,4.80%,12.90%,68.00%,"541,122",13.80%,"3,148,129",62.70%,"$286,800 ","$1,763 ",$539 ,"$1,120 ","47,746","2,755,697",2.55,82.40%,19.10%,91.40%,84.30%,90.80%,34.50%,9.00%,7.10%,63.40%,58.30%,"14,297,278","43,966,889","131,530,601","83,313,366","118,924,049","$17,243 ",27.1,"$66,174 ","$34,869 ",11.00%,"186,164","2,685,355","156,915,349",3.20%,"478,331","541,522","262,650","187,677","92,807","426,697","49,331","461,401",101.2,"66,455.52","""53"""
Virginia,"8,517,685","8,001,055",6.50%,"8,001,024",6.00%,22.00%,15.40%,50.80%,69.50%,19.90%,0.50%,6.90%,0.10%,3.10%,9.60%,61.50%,"688,536",12.10%,"3,538,847",66.20%,"$255,800 ","$1,728 ",$453 ,"$1,166 ","31,977","3,105,636",2.62,84.30%,15.80%,88.60%,80.00%,89.00%,37.60%,7.90%,10.20%,64.40%,60.60%,"17,795,901","47,705,003","96,389,872","86,613,641","110,002,385","$13,438 ",28.2,"$68,766 ","$36,268 ",10.60%,"199,548","3,254,172","170,160,430",1.70%,"617,046","653,193","353,012","236,290","185,043","450,109","76,434","548,439",202.6,"39,490.09","""51"""
