Fact,Fact Note,District of Columbia,Florida,Nevada,New Jersey,New York,Colorado,California,Arkansas,Arizona,Alaska,Alabama,Illinois,Idaho,Hawaii,Georgia,Delaware,Connecticut,Maine,Louisiana,Kentucky,Kansas,Iowa,Indiana,Missouri,Mississippi,Minnesota,Michigan,Massachusetts,Maryland,North Carolina,New Mexico,New Hampshire,Nebraska,Montana,Rhode Island,Pennsylvania,Oregon,Oklahoma,Ohio,North Dakota,Vermont,Utah,Texas,Tennessee,South Dakota,South Carolina,Wyoming,Wisconsin,West Virginia,Washington,Virginia
"Population estimates, July 1, 2018,  (V2018)",,"702,455","21,299,325","3,034,392","8,908,520","19,542,209","5,695,564","39,557,045","3,013,825","7,171,646","737,438","4,887,871","12,741,080","1,754,208","1,420,491","10,519,475","967,171","3,572,665","1,338,404","4,659,978","4,468,402","2,911,505","3,156,145","6,691,878","6,126,452","2,986,530","5,611,179","9,995,915","6,902,149","6,042,718","10,383,620","2,095,428","1,356,458","1,929,268","1,062,305","1,057,315","12,807,060","4,190,713","3,943,079","11,689,442","760,077","626,299","3,161,105","28,701,845","6,770,010","882,235","5,084,127","577,737","5,813,568","1,805,832","7,535,591","8,517,685"
"Population estimates base, April 1, 2010,  (V2018)",,"601,766","18,804,580","2,700,679","8,791,962","19,378,124","5,029,316","37,254,523","2,916,028","6,392,288","710,249","4,780,138","12,831,572","1,567,657","1,360,307","9,688,709","897,934","3,574,147","1,328,369","4,533,485","4,339,333","2,853,126","3,046,872","6,484,061","5,988,952","2,968,118","5,303,925","9,884,117","6,547,790","5,773,798","9,535,736","2,059,180","1,316,464","1,826,305","989,409","1,052,957","12,702,873","3,831,075","3,751,583","11,536,757","672,576","625,744","2,763,891","25,146,114","6,346,286","814,198","4,625,381","563,773","5,687,282","1,853,001","6,724,540","8,001,055"
"Population, percent change - April 1, 2010 (estimates base) to July 1, 2018,  (V2018)",,16.70%,13.30%,12.40%,1.30%,0.80%,13.20%,6.20%,3.40%,12.20%,3.80%,2.30%,-0.70%,11.90%,4.40%,8.60%,7.70%,Z,0.80%,2.80%,3.00%,2.00%,3.60%,3.20%,2.30%,0.60%,5.80%,1.10%,5.40%,4.70%,8.90%,1.80%,3.00%,5.60%,7.40%,0.40%,0.80%,9.40%,5.10%,1.30%,13.00%,0.10%,14.40%,14.10%,6.70%,8.40%,9.90%,2.50%,2.20%,-2.50%,12.10%,6.50%
"Population, Census, April 1, 2010",,"601,723","18,801,310","2,700,551","8,791,894","19,378,102","5,029,196","37,253,956","2,915,918","6,392,017","710,231","4,779,736","12,830,632","1,567,582","1,360,301","9,687,653","897,934","3,574,097","1,328,361","4,533,372","4,339,367","2,853,118","3,046,355","6,483,802","5,988,927","2,967,297","5,303,925","9,883,640","6,547,629","5,773,552","9,535,483","2,059,179","1,316,470","1,826,341","989,415","1,052,567","12,702,379","3,831,074","3,751,351","11,536,504","672,591","625,741","2,763,885","25,145,561","6,346,105","814,180","4,625,364","563,626","5,686,986","1,852,994","6,724,540","8,001,024"
"Persons under 5 years, percent",,6.50%,5.40%,6.10%,5.80%,5.80%,5.90%,6.20%,6.30%,6.10%,7.20%,6.00%,6.00%,6.60%,6.20%,6.20%,5.70%,5.10%,4.80%,6.60%,6.20%,6.50%,6.30%,6.30%,6.10%,6.20%,6.30%,5.70%,5.20%,6.00%,5.90%,5.90%,4.70%,6.90%,5.90%,5.10%,5.50%,5.60%,6.60%,5.90%,7.20%,4.70%,8.00%,7.10%,6.00%,7.00%,5.80%,6.20%,5.80%,5.30%,6.10%,6.00%
"Persons under 18 years, percent",,18.10%,19.90%,22.70%,21.90%,20.80%,22.20%,22.70%,23.30%,22.90%,24.90%,22.30%,22.40%,25.50%,21.40%,23.80%,21.10%,20.60%,18.70%,23.50%,22.60%,24.20%,23.20%,23.40%,22.50%,23.60%,23.20%,21.70%,19.80%,22.20%,22.20%,23.00%,19.00%,24.70%,21.60%,19.40%,20.70%,20.80%,24.30%,22.20%,23.50%,18.50%,29.50%,25.80%,22.20%,24.70%,21.80%,23.30%,22.00%,20.20%,22.10%,22.00%
"Persons 65 years and over, percent",,12.10%,20.50%,15.70%,16.10%,16.40%,14.20%,14.30%,17.00%,17.50%,11.80%,16.90%,15.60%,15.90%,18.40%,13.90%,18.70%,17.20%,20.60%,15.40%,16.40%,15.90%,17.10%,15.80%,16.90%,15.90%,15.90%,17.20%,16.50%,15.40%,16.30%,17.50%,18.10%,15.70%,18.70%,17.20%,18.20%,17.60%,15.70%,17.10%,15.30%,19.40%,11.10%,12.60%,16.40%,16.60%,17.70%,16.50%,17.00%,19.90%,15.40%,15.40%
"Female persons, percent",,52.60%,51.10%,49.90%,51.10%,51.40%,49.60%,50.30%,50.90%,50.30%,47.90%,51.60%,50.90%,49.90%,49.90%,51.40%,51.60%,51.20%,51.00%,51.20%,50.70%,50.20%,50.20%,50.70%,50.90%,51.50%,50.20%,50.80%,51.50%,51.50%,51.40%,50.50%,50.40%,50.10%,49.70%,51.40%,51.00%,50.40%,50.50%,51.00%,48.80%,50.60%,49.60%,50.30%,51.20%,49.50%,51.50%,49.00%,50.20%,50.50%,50.00%,50.80%
"White alone, percent",,45.60%,77.30%,74.30%,72.00%,69.70%,87.10%,72.10%,79.10%,82.80%,65.30%,69.10%,76.90%,93.00%,25.60%,60.50%,69.50%,80.00%,94.60%,62.90%,87.60%,86.40%,90.70%,85.10%,83.00%,59.10%,84.10%,79.30%,80.80%,58.80%,70.60%,82.00%,93.20%,88.30%,89.00%,83.90%,81.80%,86.80%,74.20%,81.90%,87.00%,94.20%,90.70%,78.80%,78.50%,84.40%,68.50%,92.60%,87.10%,93.50%,78.90%,69.50%
"Black or African American alone, percent",(a),46.40%,16.90%,10.10%,15.00%,17.60%,4.60%,6.50%,15.70%,5.10%,3.80%,26.80%,14.60%,0.90%,2.20%,32.40%,23.00%,12.00%,1.60%,32.70%,8.40%,6.10%,4.00%,9.80%,11.80%,37.80%,6.80%,14.10%,8.90%,30.90%,22.20%,2.60%,1.70%,5.10%,0.60%,8.40%,12.00%,2.20%,7.80%,13.00%,3.40%,1.40%,1.40%,12.80%,17.10%,2.40%,27.10%,1.30%,6.70%,3.60%,4.30%,19.90%
"American Indian and Alaska Native alone, percent",(a),0.60%,0.50%,1.70%,0.60%,1.00%,1.60%,1.60%,1.00%,5.30%,15.40%,0.70%,0.60%,1.70%,0.40%,0.50%,0.70%,0.60%,0.70%,0.80%,0.30%,1.20%,0.50%,0.40%,0.60%,0.60%,1.40%,0.70%,0.50%,0.60%,1.60%,10.90%,0.30%,1.50%,6.60%,1.10%,0.40%,1.80%,9.30%,0.30%,5.50%,0.40%,1.50%,1.00%,0.50%,9.00%,0.50%,2.70%,1.20%,0.30%,1.90%,0.50%
"Asian alone, percent",(a),4.40%,3.00%,8.70%,10.00%,9.00%,3.50%,15.30%,1.70%,3.70%,6.60%,1.50%,5.90%,1.60%,37.60%,4.30%,4.10%,4.90%,1.20%,1.80%,1.60%,3.10%,2.70%,2.50%,2.10%,1.10%,5.10%,3.40%,7.10%,6.70%,3.20%,1.80%,3.00%,2.70%,0.90%,3.60%,3.70%,4.80%,2.30%,2.50%,1.80%,2.00%,2.70%,5.20%,1.90%,1.70%,1.80%,1.10%,3.00%,0.80%,9.30%,6.90%
"Native Hawaiian and Other Pacific Islander alone, percent",(a),0.10%,0.10%,0.80%,0.10%,0.10%,0.20%,0.50%,0.40%,0.30%,1.40%,0.10%,0.10%,0.20%,10.20%,0.10%,0.10%,0.10%,Z,0.10%,0.10%,0.10%,0.10%,0.10%,0.20%,0.10%,0.10%,Z,0.10%,0.10%,0.10%,0.20%,Z,0.10%,0.10%,0.20%,0.10%,0.50%,0.20%,0.10%,0.10%,Z,1.10%,0.10%,0.10%,0.10%,0.10%,0.10%,0.10%,Z,0.80%,0.10%
"Two or More Races, percent",,2.80%,2.20%,4.50%,2.30%,2.60%,3.10%,3.90%,2.20%,2.90%,7.40%,1.70%,2.00%,2.50%,24.00%,2.20%,2.70%,2.40%,1.80%,1.70%,2.00%,3.00%,1.90%,2.10%,2.30%,1.30%,2.50%,2.50%,2.50%,2.90%,2.30%,2.60%,1.80%,2.30%,2.80%,2.80%,2.10%,3.90%,6.20%,2.30%,2.20%,2.00%,2.60%,2.00%,2.00%,2.40%,1.90%,2.20%,2.00%,1.80%,4.80%,3.10%
"Hispanic or Latino, percent",(b),11.30%,26.10%,29.00%,20.60%,19.20%,21.70%,39.30%,7.70%,31.60%,7.20%,4.40%,17.40%,12.70%,10.70%,9.80%,9.50%,16.50%,1.70%,5.20%,3.80%,12.10%,6.20%,7.10%,4.30%,3.40%,5.50%,5.20%,12.30%,10.40%,9.60%,49.10%,3.90%,11.20%,4.00%,15.90%,7.60%,13.30%,10.90%,3.90%,3.90%,2.00%,14.20%,39.60%,5.60%,4.10%,5.80%,10.10%,6.90%,1.70%,12.90%,9.60%
"White alone, not Hispanic or Latino, percent",,37.10%,53.50%,48.70%,54.90%,55.40%,67.90%,36.80%,72.20%,54.40%,60.30%,65.40%,61.00%,81.70%,21.80%,52.40%,61.90%,66.50%,93.10%,58.60%,84.30%,75.70%,85.30%,78.90%,79.30%,56.50%,79.50%,74.90%,71.40%,50.50%,62.80%,37.10%,90.00%,78.60%,85.90%,72.00%,76.10%,75.30%,65.30%,78.70%,84.00%,92.50%,78.00%,41.50%,73.70%,81.40%,63.70%,83.80%,81.10%,92.10%,68.00%,61.50%
"Veterans, 2013-2017",,"27,695","1,454,632","210,461","351,542","757,900","376,336","1,661,433","206,796","486,760","67,004","341,642","614,725","115,437","106,630","646,350","66,854","180,111","110,362","254,920","279,153","185,292","193,451","397,715","424,605","172,587","319,438","581,527","325,299","380,555","670,326","150,650","100,474","122,311","84,878","59,535","803,420","291,153","276,948","752,153","47,228","40,145","125,074","1,482,871","441,554","60,330","367,921","46,540","350,330","138,508","541,122","688,536"
"Foreign born persons, percent, 2013-2017",,14.00%,20.20%,19.50%,22.10%,22.70%,9.80%,27.00%,4.70%,13.40%,7.60%,3.50%,14.00%,5.90%,18.10%,10.00%,9.10%,14.20%,3.60%,4.20%,3.60%,7.00%,5.00%,5.00%,4.00%,2.30%,8.20%,6.60%,16.20%,14.90%,7.80%,9.70%,5.90%,6.90%,2.10%,13.70%,6.60%,9.90%,5.90%,4.30%,3.60%,4.50%,8.30%,16.90%,5.00%,3.30%,4.90%,3.60%,4.90%,1.60%,13.80%,12.10%
"Housing units,  July 1, 2018,  (V2018)",,"319,531","9,547,305","1,268,633","3,628,302","8,363,934","2,424,051","14,277,157","1,380,504","3,035,669","318,336","2,274,565","5,376,064","735,672","546,213","4,326,105","438,693","1,521,117","746,596","2,076,028","1,995,182","1,280,774","1,409,650","2,903,554","2,806,371","1,332,577","2,456,064","4,614,380","2,914,929","2,458,801","4,684,876","943,208","638,091","845,042","515,175","469,157","5,713,150","1,788,681","1,743,069","5,217,423","377,649","337,110","1,108,763","11,100,779","2,992,279","397,526","2,318,271","278,595","2,710,723","893,778","3,148,129","3,538,847"
"Owner-occupied housing unit rate, 2013-2017",,41.70%,64.80%,55.40%,64.10%,54.00%,64.70%,54.50%,65.60%,63.10%,63.70%,68.60%,66.10%,69.20%,58.10%,63.00%,71.30%,66.60%,72.00%,65.50%,67.00%,66.40%,71.10%,68.90%,66.90%,68.10%,71.60%,71.00%,62.40%,66.80%,65.00%,67.90%,70.70%,66.00%,67.70%,60.00%,69.00%,61.70%,65.70%,66.10%,63.30%,70.50%,69.60%,62.00%,66.30%,67.90%,68.60%,69.20%,67.00%,72.70%,62.70%,66.20%
"Median value of owner-occupied housing units, 2013-2017",,"$537,400 ","$178,700 ","$216,400 ","$321,100 ","$293,000 ","$286,100 ","$443,400 ","$118,500 ","$193,200 ","$261,900 ","$132,100 ","$179,700 ","$176,800 ","$563,900 ","$158,400 ","$238,600 ","$270,100 ","$179,900 ","$152,900 ","$130,000 ","$139,200 ","$137,200 ","$130,200 ","$145,400 ","$109,300 ","$199,700 ","$136,400 ","$352,600 ","$296,500 ","$161,000 ","$163,900 ","$244,900 ","$142,400 ","$209,100 ","$242,200 ","$170,500 ","$265,700 ","$125,800 ","$135,100 ","$174,100 ","$220,600 ","$238,300 ","$151,500 ","$151,700 ","$152,700 ","$148,600 ","$204,900 ","$169,300 ","$111,600 ","$286,800 ","$255,800 "
"Median selected monthly owner costs -with a mortgage, 2013-2017",,"$2,375 ","$1,432 ","$1,422 ","$2,398 ","$2,064 ","$1,623 ","$2,206 ","$1,039 ","$1,354 ","$1,862 ","$1,149 ","$1,633 ","$1,195 ","$2,303 ","$1,351 ","$1,533 ","$2,065 ","$1,357 ","$1,234 ","$1,131 ","$1,310 ","$1,202 ","$1,109 ","$1,225 ","$1,105 ","$1,506 ","$1,251 ","$2,102 ","$1,954 ","$1,261 ","$1,244 ","$1,878 ","$1,315 ","$1,344 ","$1,803 ","$1,446 ","$1,594 ","$1,181 ","$1,247 ","$1,326 ","$1,563 ","$1,455 ","$1,484 ","$1,196 ","$1,255 ","$1,202 ","$1,389 ","$1,399 ",$997 ,"$1,763 ","$1,728 "
"Median selected monthly owner costs -without a mortgage, 2013-2017",,$666 ,$475 ,$411 ,"$1,005 ",$728 ,$442 ,$542 ,$336 ,$394 ,$571 ,$348 ,$603 ,$357 ,$507 ,$402 ,$450 ,$851 ,$483 ,$326 ,$356 ,$476 ,$456 ,$389 ,$420 ,$346 ,$499 ,$471 ,$754 ,$598 ,$383 ,$340 ,$773 ,$494 ,$405 ,$705 ,$515 ,$497 ,$383 ,$458 ,$441 ,$655 ,$406 ,$481 ,$371 ,$456 ,$360 ,$402 ,$540 ,$309 ,$539 ,$453 
"Median gross rent, 2013-2017",,"$1,424 ","$1,077 ","$1,017 ","$1,249 ","$1,194 ","$1,125 ","$1,358 ",$709 ,$972 ,"$1,200 ",$747 ,$952 ,$792 ,"$1,507 ",$927 ,"$1,076 ","$1,123 ",$808 ,$825 ,$713 ,$801 ,$740 ,$782 ,$784 ,$740 ,$906 ,$824 ,"$1,173 ","$1,311 ",$844 ,$809 ,"$1,052 ",$773 ,$751 ,$957 ,$885 ,$988 ,$766 ,$764 ,$775 ,$945 ,$948 ,$952 ,$808 ,$696 ,$836 ,$828 ,$813 ,$681 ,"$1,120 ","$1,166 "
"Building permits, 2018",,"4,615","144,427","17,645","27,942","37,778","42,627","113,502","10,179","41,664","1,677","14,824","21,510","15,824","4,659","59,315","6,003","4,815","4,697","15,835","13,826","9,478","11,518","21,480","16,875","6,883","25,673","19,580","17,044","18,647","71,691","4,813","4,445","7,866","5,099","1,294","23,325","20,132","10,502","24,221","3,211","2,080","25,574","192,878","37,169","4,963","35,487","1,812","19,113","2,887","47,746","31,977"
"Households, 2013-2017",,"277,985","7,510,882","1,052,249","3,199,111","7,302,710","2,082,531","12,888,128","1,147,291","2,482,311","252,536","1,856,695","4,818,452","609,124","455,502","3,663,104","352,357","1,361,755","554,061","1,737,645","1,724,514","1,121,943","1,251,587","2,537,189","2,386,203","1,103,514","2,153,202","3,888,646","2,585,715","2,181,093","3,874,346","770,435","526,710","748,405","419,975","412,028","5,007,442","1,571,631","1,468,971","4,633,145","311,525","258,535","938,365","9,430,419","2,547,194","339,458","1,871,307","230,237","2,328,754","737,671","2,755,697","3,105,636"
"Persons per household, 2013-2017",,2.28,2.64,2.71,2.74,2.63,2.55,2.96,2.52,2.68,2.81,2.55,2.61,2.67,3.02,2.71,2.61,2.55,2.34,2.61,2.49,2.52,2.41,2.53,2.47,2.62,2.49,2.49,2.53,2.68,2.53,2.65,2.45,2.46,2.38,2.46,2.47,2.5,2.58,2.44,2.31,2.32,3.14,2.84,2.53,2.42,2.54,2.47,2.41,2.42,2.55,2.62
"Living in same house 1 year ago, percent of persons age 1 year+, 2013-2017",,80.00%,84.10%,80.60%,90.00%,89.40%,81.30%,86.20%,84.20%,81.90%,81.20%,85.80%,86.90%,82.60%,86.10%,84.30%,86.90%,87.90%,86.50%,86.70%,84.50%,83.70%,84.70%,85.00%,84.30%,86.30%,85.60%,85.40%,87.00%,86.30%,84.80%,86.20%,85.80%,83.80%,83.90%,86.80%,87.70%,82.00%,82.80%,85.10%,82.30%,86.70%,82.80%,83.80%,85.20%,83.70%,85.10%,82.40%,85.70%,88.30%,82.40%,84.30%
"Language other than English spoken at home, percent of persons age 5 years+, 2013-2017",,17.50%,28.70%,30.50%,31.00%,30.60%,16.90%,44.00%,7.20%,27.00%,16.00%,5.10%,22.80%,10.70%,25.80%,13.90%,12.80%,22.10%,6.20%,8.30%,5.30%,11.50%,7.60%,8.40%,6.00%,3.90%,11.30%,9.40%,23.10%,18.00%,11.40%,35.00%,7.80%,11.20%,3.90%,22.00%,11.00%,15.20%,10.10%,6.90%,5.60%,5.60%,14.80%,35.30%,7.00%,6.40%,6.90%,7.30%,8.70%,2.50%,19.10%,15.80%
"Households with a computer, percent, 2013-2017",,88.20%,88.10%,89.70%,88.90%,86.80%,91.90%,90.20%,81.90%,88.20%,92.40%,81.40%,86.70%,88.90%,89.00%,87.00%,88.40%,88.20%,87.00%,81.60%,82.40%,86.90%,86.20%,85.50%,85.60%,79.00%,89.10%,86.50%,88.90%,90.20%,85.50%,81.70%,91.20%,86.90%,86.10%,86.40%,84.80%,90.50%,84.90%,85.80%,87.30%,87.60%,93.50%,87.60%,83.20%,85.30%,84.20%,89.80%,86.60%,79.80%,91.40%,88.60%
"Households with a broadband Internet subscription, percent, 2013-2017",,77.60%,78.60%,79.30%,82.50%,78.90%,83.80%,82.60%,66.70%,79.40%,82.90%,70.20%,78.40%,77.20%,81.80%,76.80%,79.60%,82.10%,77.70%,70.20%,72.90%,77.50%,76.60%,75.00%,75.00%,64.30%,80.80%,76.30%,83.00%,82.80%,75.80%,69.90%,84.60%,78.50%,76.10%,80.00%,76.80%,81.90%,72.80%,77.10%,77.50%,78.60%,83.70%,76.80%,72.40%,75.70%,72.40%,79.20%,78.10%,70.30%,84.30%,80.00%
"High school graduate or higher, percent of persons age 25 years+, 2013-2017",,90.30%,87.60%,85.80%,89.20%,86.10%,91.10%,82.50%,85.60%,86.50%,92.40%,85.30%,88.60%,90.20%,91.60%,86.30%,89.30%,90.20%,92.10%,84.30%,85.20%,90.50%,91.80%,88.30%,89.20%,83.40%,92.80%,90.20%,90.30%,89.80%,86.90%,85.00%,92.80%,90.90%,93.00%,87.30%,89.90%,90.20%,87.50%,89.80%,92.30%,92.30%,91.80%,82.80%,86.50%,91.40%,86.50%,92.80%,91.70%,85.90%,90.80%,89.00%
"Bachelor's degree or higher, percent of persons age 25 years+, 2013-2017",,56.60%,28.50%,23.70%,38.10%,35.30%,39.40%,32.60%,22.00%,28.40%,29.00%,24.50%,33.40%,26.80%,32.00%,29.90%,31.00%,38.40%,30.30%,23.40%,23.20%,32.30%,27.70%,25.30%,28.20%,21.30%,34.80%,28.10%,42.10%,39.00%,29.90%,26.90%,36.00%,30.60%,30.70%,33.00%,30.10%,32.30%,24.80%,27.20%,28.90%,36.80%,32.50%,28.70%,26.10%,27.80%,27.00%,26.70%,29.00%,19.90%,34.50%,37.60%
"With a disability, under age 65 years, percent, 2013-2017",,8.60%,8.60%,9.10%,6.70%,7.50%,7.30%,6.90%,12.50%,8.50%,8.50%,11.70%,7.10%,9.30%,6.50%,8.80%,8.20%,7.30%,11.80%,10.90%,13.00%,8.80%,7.90%,9.90%,10.50%,11.70%,7.30%,10.40%,7.90%,7.40%,9.60%,10.40%,8.80%,7.60%,9.40%,9.50%,9.60%,10.20%,11.40%,10.00%,7.00%,10.30%,6.80%,8.00%,11.20%,8.30%,10.50%,9.00%,8.30%,14.40%,9.00%,7.90%
"Persons  without health insurance, under age 65 years, percent",,4.20%,15.90%,13.00%,9.00%,6.60%,8.60%,8.10%,9.30%,12.00%,15.30%,11.10%,7.80%,11.90%,4.60%,15.40%,6.40%,6.40%,10.00%,9.70%,6.30%,10.20%,5.50%,9.50%,10.80%,14.20%,5.10%,6.10%,3.30%,7.00%,12.60%,10.70%,6.90%,9.60%,10.20%,5.50%,6.60%,8.20%,16.60%,7.00%,8.80%,5.50%,10.10%,19.40%,11.20%,10.70%,13.20%,14.50%,6.40%,7.50%,7.10%,10.20%
"In civilian labor force, total, percent of population age 16 years+, 2013-2017",,68.90%,58.40%,63.60%,65.50%,63.10%,67.40%,63.00%,57.90%,59.20%,67.10%,57.30%,65.20%,62.20%,61.60%,62.40%,61.90%,66.50%,63.00%,59.60%,59.00%,65.80%,67.50%,63.80%,62.80%,57.20%,69.80%,61.20%,67.30%,67.50%,61.40%,58.00%,67.80%,69.60%,63.20%,64.80%,62.60%,62.10%,60.80%,63.10%,69.50%,65.80%,67.80%,64.20%,60.90%,68.30%,59.90%,67.00%,66.80%,53.50%,63.40%,64.40%
"In civilian labor force, female, percent of population age 16 years+, 2013-2017",,66.90%,54.10%,58.80%,60.20%,58.60%,62.40%,57.10%,53.10%,54.30%,64.50%,52.40%,60.40%,56.30%,59.10%,58.00%,58.30%,62.20%,59.80%,55.50%,54.70%,61.20%,63.20%,58.90%,58.90%,53.60%,66.10%,57.00%,63.40%,63.70%,57.40%,54.10%,63.60%,64.90%,59.30%,61.00%,58.20%,57.60%,55.50%,58.90%,65.00%,63.00%,59.70%,57.70%,56.20%,64.20%,56.00%,62.00%,63.20%,49.00%,58.30%,60.60%
"Total accommodation and food services sales, 2012 ($1,000)",(c),"5,101,602","49,817,925","27,481,505","19,673,558","49,285,508","13,617,654","90,830,372","4,307,264","13,996,635","2,221,335","7,576,462","27,937,381","2,680,225","9,536,706","18,976,611","2,148,437","9,542,068","2,901,347","11,697,949","7,500,115","4,873,411","5,468,687","13,076,602","12,430,310","6,999,175","11,722,627","17,962,356","17,508,975","12,516,782","18,622,258","4,349,672","2,942,278","3,094,498","2,420,455","2,481,314","23,504,192","8,466,788","7,121,153","20,652,777","2,045,123","1,564,272","4,789,281","54,480,811","12,499,013","1,873,699","9,763,818","1,644,844","10,303,256","4,036,333","14,297,278","17,795,901"
"Total health care and social assistance receipts/revenue, 2012 ($1,000)",(c),"8,963,981","124,061,425","13,928,514","60,375,232","155,666,053","29,488,161","248,953,592","15,792,628","37,055,881","6,375,483","26,039,632","83,431,778","7,895,614","8,136,947","51,800,643","7,003,251","29,573,119","10,297,043","27,951,792","26,264,745","18,248,370","18,583,828","42,493,117","40,089,316","16,630,587","40,403,572","63,018,786","63,583,090","40,821,901","55,227,505","11,236,630","9,616,460","12,869,418","6,469,475","8,223,005","96,329,248","24,956,816","22,795,438","80,915,693","5,418,355","4,457,996","14,521,857","145,035,130","42,383,683","6,211,731","22,941,292","3,291,478","40,680,625","12,259,395","43,966,889","47,705,003"
"Total manufacturers shipments, 2012 ($1,000)",(c),"309,832","96,924,106","14,719,141","108,854,971","148,879,931","50,447,098","512,303,164","62,712,925","51,243,473",D,"124,809,759","281,037,755","20,201,432",D,"155,836,792","22,597,384","55,160,095","16,044,543","271,191,050","129,284,438","86,076,260","116,668,830","242,763,842","111,535,362","66,441,608","123,076,309","238,892,383","81,927,799","39,532,989","202,344,646","29,102,352","18,895,624","57,499,177","11,535,236","11,262,158","231,396,178","51,349,948","74,295,394","313,629,976","14,427,360","9,315,494","50,046,429","702,603,073","139,960,482","16,882,647","99,160,840","10,783,794","177,728,926","24,553,072","131,530,601","96,389,872"
"Total merchant wholesaler sales, 2012 ($1,000)",(c),"2,591,868","252,626,608","19,841,701","288,467,844","341,734,970","77,034,971","666,652,186","31,256,110","69,437,272","5,216,303","57,746,565","295,456,992","17,906,012","9,607,982","143,645,290","5,628,914","161,962,244","12,961,262","68,012,838","71,745,899","60,226,324","62,318,301","81,173,422","91,916,351","28,302,952","104,485,117","115,704,903","123,904,370","60,734,191","105,275,586","10,720,363","18,029,179","42,618,995","12,645,824","22,310,389","191,170,147","48,325,261","71,892,946","155,426,023","28,150,837","6,450,076","30,927,885","691,242,607","111,718,421","20,411,059","45,520,900","5,597,891","77,066,883","14,295,437","83,313,366","86,613,641"
"Total retail sales, 2012 ($1,000)",(c),"4,439,933","273,867,145","38,234,170","133,665,728","251,167,736","67,815,200","481,800,461","36,815,256","84,716,542","10,474,275","58,564,965","166,634,514","20,444,278","18,901,745","119,801,495","14,456,001","51,632,467","21,521,714","61,396,364","54,869,978","38,276,461","44,905,624","85,857,962","90,546,581","37,053,190","78,898,182","119,302,046","92,915,380","76,379,707","120,691,007","25,179,274","26,018,201","30,470,717","15,623,573","12,063,865","178,794,945","49,481,054","50,256,231","153,553,997","15,519,816","9,933,751","38,024,486","356,116,376","91,641,605","13,791,827","58,093,824","9,446,043","78,201,822","22,637,923","118,924,049","110,002,385"
"Total retail sales per capita, 2012",(c),"$7,022 ","$14,177 ","$13,858 ","$15,079 ","$12,834 ","$13,073 ","$12,665 ","$12,483 ","$12,927 ","$14,320 ","$12,145 ","$12,942 ","$12,812 ","$13,576 ","$12,077 ","$15,763 ","$14,381 ","$16,192 ","$13,342 ","$12,526 ","$13,263 ","$14,607 ","$13,133 ","$15,036 ","$12,413 ","$14,667 ","$12,071 ","$13,980 ","$12,980 ","$12,376 ","$12,073 ","$19,700 ","$16,422 ","$15,544 ","$11,486 ","$14,008 ","$12,690 ","$13,174 ","$13,301 ","$22,183 ","$15,868 ","$13,317 ","$13,666 ","$14,194 ","$16,550 ","$12,298 ","$16,388 ","$13,656 ","$12,201 ","$17,243 ","$13,438 "
"Mean travel time to work (minutes), workers age 16 years+, 2013-2017",,30,27,24,31.5,33,25.2,28.8,21.6,25.1,18.8,24.6,28.7,20.6,27.4,28,25.7,26,23.8,25.2,23.1,19.2,19,23.4,23.5,24.4,23.4,24.3,29.3,32.7,24.3,21.8,27.2,18.4,17.8,24.6,26.7,23.5,21.5,23.4,17.1,22.8,21.6,26.1,24.8,17,24.3,18,22,25.7,27.1,28.2
"Median household income (in 2017 dollars), 2013-2017",,"$77,649 ","$50,883 ","$55,434 ","$76,475 ","$62,765 ","$65,458 ","$67,169 ","$43,813 ","$53,510 ","$76,114 ","$46,472 ","$61,229 ","$50,985 ","$74,923 ","$52,977 ","$63,036 ","$73,781 ","$53,024 ","$46,710 ","$46,535 ","$55,477 ","$56,570 ","$52,182 ","$51,542 ","$42,009 ","$65,699 ","$52,668 ","$74,167 ","$78,916 ","$50,320 ","$46,718 ","$71,305 ","$56,675 ","$50,801 ","$61,043 ","$56,951 ","$56,119 ","$49,767 ","$52,407 ","$61,285 ","$57,808 ","$65,325 ","$57,051 ","$48,708 ","$54,126 ","$48,781 ","$60,938 ","$56,759 ","$44,061 ","$66,174 ","$68,766 "
"Per capita income in past 12 months (in 2017 dollars), 2013-2017",,"$50,832 ","$28,774 ","$28,450 ","$39,069 ","$35,752 ","$34,845 ","$33,128 ","$24,426 ","$27,964 ","$35,065 ","$25,746 ","$32,924 ","$25,471 ","$32,511 ","$28,015 ","$32,625 ","$41,365 ","$29,886 ","$26,205 ","$25,888 ","$29,600 ","$30,063 ","$27,305 ","$28,282 ","$22,500 ","$34,712 ","$28,938 ","$39,913 ","$39,070 ","$28,123 ","$25,257 ","$36,914 ","$29,866 ","$28,706 ","$33,315 ","$31,476 ","$30,410 ","$26,461 ","$29,011 ","$34,256 ","$31,917 ","$26,907 ","$28,985 ","$27,277 ","$28,761 ","$26,645 ","$31,214 ","$30,557 ","$24,774 ","$34,869 ","$36,268 "
"Persons in poverty, percent",,16.60%,14.00%,13.00%,10.00%,14.10%,10.30%,13.30%,16.40%,14.90%,11.10%,16.90%,12.60%,12.80%,9.50%,14.90%,13.60%,9.60%,11.10%,19.70%,17.20%,11.90%,10.70%,13.50%,13.40%,19.80%,9.50%,14.20%,10.50%,9.30%,14.70%,19.70%,7.70%,10.80%,12.50%,11.60%,12.50%,13.20%,15.80%,14.00%,10.30%,11.30%,9.70%,14.70%,15.00%,13.00%,15.40%,11.30%,11.30%,19.10%,11.00%,10.60%
"Total employer establishments, 2016",,"23,177","546,218","64,815","231,974","544,073","165,264","922,477","65,611","139,134","21,077","99,584","319,605","45,826","32,350","228,330","25,366","89,416","41,178","105,732","92,000","74,884","81,563","146,078","160,912","58,850","150,115","220,412","177,631","138,480","227,347","43,771","37,868","54,265","37,626","28,685","301,484","114,551","93,232","252,201","24,601","21,174","77,504","579,168","135,352","26,743","105,959","20,966","140,859","36,607","186,164","199,548"
"Total employment, 2016",,"526,879","8,169,642","1,165,298","3,636,293","8,178,455","2,318,190","14,600,349","1,023,854","2,379,409","266,072","1,673,249","5,513,071","562,282","528,415","3,804,433","400,069","1,533,879","511,936","1,709,226","1,603,173","1,184,710","1,354,487","2,720,277","2,494,720","939,322","2,661,627","3,805,578","3,254,781","2,282,725","3,794,926","628,723","594,243","884,450","378,463","435,148","5,354,964","1,551,192","1,360,379","4,790,178","346,947","262,705","1,239,348","10,429,924","2,592,600","357,950","1,716,496","208,440","2,524,329","558,905","2,685,355","3,254,172"
"Total annual payroll, 2016 ($1,000)",,"39,833,690","363,336,322","49,207,817","214,757,817","521,872,694","120,398,734","886,643,923","40,969,051","106,431,260","15,239,195","68,970,623","295,308,470","22,243,275","22,892,445","182,911,144","21,196,371","94,658,647","21,349,199","75,125,447","65,242,827","51,016,318","56,930,435","117,009,032","112,072,115","34,356,961","137,135,936","183,192,569","204,747,200","121,952,023","170,980,033","25,029,224","29,193,307","37,715,004","14,542,766","20,150,835","261,082,307","74,062,716","57,193,626","218,466,744","15,816,748","10,828,353","54,331,488","526,782,643","114,896,051","14,183,056","69,050,740","9,303,969","115,817,145","21,637,981","156,915,349","170,160,430"
"Total employment, percent change, 2015-2016",,2.70%,5.00%,3.10%,2.20%,2.20%,2.90%,1.90%,2.10%,3.70%,-0.70%,2.40%,1.60%,2.90%,0.90%,3.00%,0.70%,2.00%,2.30%,-0.90%,1.50%,-0.40%,1.20%,2.20%,2.10%,1.40%,1.90%,2.20%,2.80%,1.90%,3.40%,0.40%,3.10%,1.60%,0.90%,2.20%,0.90%,3.50%,-0.80%,1.50%,-5.20%,-1.40%,2.90%,1.90%,3.40%,1.20%,3.30%,-5.20%,0.80%,-1.20%,3.20%,1.70%
"Total nonemployer establishments, 2017",,"61,347","2,245,127","233,007","716,918","1,751,378","517,350","3,374,050","205,915","485,984","56,796","329,993","985,260","130,699","111,003","915,043","65,634","281,453","116,299","378,493","291,230","201,268","211,320","415,261","418,097","219,596","409,860","715,824","559,925","497,161","760,638","124,091","107,083","137,380","91,520","80,905","849,036","295,127","287,984","785,833","55,317","61,505","236,794","2,399,267","524,081","66,713","351,453","51,309","350,624","88,343","478,331","617,046"
"All firms, 2012",,"63,408","2,100,187","227,156","792,088","2,008,988","547,352","3,548,449","231,959","499,926","68,032","374,153","1,135,017","146,642","118,454","929,864","73,418","326,693","139,570","414,291","331,546","239,118","259,121","479,059","491,606","235,454","489,494","834,087","607,664","531,953","805,985","151,363","131,638","164,089","112,419","94,642","975,453","339,305","327,229","904,814","68,270","75,827","251,419","2,356,748","550,453","81,314","367,726","62,427","432,980","114,435","541,522","653,193"
"Men-owned firms, 2012",,"30,237","1,084,885","114,057","464,592","1,139,910","284,554","1,852,580","123,158","245,243","35,402","203,604","609,648","70,438","60,409","480,578","38,328","187,845","79,243","215,111","184,154","125,169","135,382","253,533","257,948","125,079","268,710","446,128","357,158","276,630","435,677","71,132","76,716","83,696","55,913","54,651","579,400","165,691","174,395","510,078","37,016","41,270","132,163","1,251,696","302,249","42,418","202,446","30,039","236,252","63,112","262,650","353,012"
"Women-owned firms, 2012",,"27,064","807,817","82,508","252,944","725,709","194,508","1,320,085","75,962","182,425","22,141","137,630","417,500","45,121","44,453","376,506","23,964","106,678","42,067","151,114","106,011","77,194","82,345","162,798","162,616","89,159","157,821","306,986","199,210","209,119","287,058","59,044","38,525","51,936","35,449","30,484","304,803","123,015","105,168","306,824","20,316","23,417","76,269","866,678","195,694","23,722","131,856","19,344","133,859","39,065","187,677","236,290"
"Minority-owned firms, 2012",,"29,983","926,112","71,864","237,242","709,021","85,849","1,619,857","35,982","135,313","13,688","92,219","311,684","10,592","74,208","371,588","14,440","56,113","4,339","126,100","27,258","26,127","14,707","61,252","61,035","74,824","47,302","158,946","89,967","203,394","183,380","60,622","6,111","14,571","5,578","14,737","131,512","41,456","64,875","122,653","3,190","2,354","24,423","1,070,392","105,234","4,101","83,233","4,077","40,507","5,777","92,807","185,043"
"Nonminority-owned firms, 2012",,"29,521","1,121,749","144,944","533,808","1,248,304","442,365","1,819,107","189,029","344,981","51,147","272,651","795,129","130,973","38,510","538,893","54,782","259,614","131,322","277,676","296,155","204,562","236,561","405,090","415,972","155,094","428,716","657,237","499,959","314,902","603,182","83,857","121,297","144,122","102,746","77,042","818,858","285,028","249,027","759,569","62,271","70,491","218,826","1,224,845","434,025","74,228","276,269","55,397","379,934","104,785","426,697","450,109"
"Veteran-owned firms, 2012",,"5,070","185,756","23,049","57,996","137,532","51,722","252,377","25,915","46,780","7,953","41,943","89,110","12,804","11,148","96,787","7,206","31,056","15,689","42,211","33,208","21,610","25,889","45,174","49,217","26,789","45,582","71,861","58,339","50,976","86,571","14,096","16,119","16,693","11,486","9,904","97,969","30,918","36,273","91,316","6,584","8,237","18,754","213,590","59,379","8,604","47,987","6,470","39,830","12,912","49,331","76,434"
"Nonveteran-owned firms, 2012",,"54,217","1,846,686","191,293","707,975","1,811,544","469,524","3,176,341","192,988","427,582","56,091","316,984","1,006,885","124,314","101,334","800,585","60,318","281,182","115,839","354,460","282,704","203,401","217,779","412,543","415,542","198,566","419,628","733,517","525,667","462,232","684,743","128,693","108,817","137,254","93,393","79,837","837,792","288,790","273,491","776,193","56,904","63,317","219,807","2,057,218","469,392","66,219","303,137","51,353","370,755","94,960","461,401","548,439"
"Population per square mile, 2010",,"9,856.50",350.6,24.6,"1,195.50",411.2,48.5,239.1,56,56.3,1.2,94.4,231.1,19,211.8,168.4,460.8,738.1,43.1,104.9,109.9,34.9,54.5,181,87.1,63.2,66.6,174.8,839.4,594.8,196.1,17,147,23.8,6.8,"1,018.10",283.9,39.9,54.7,282.3,9.7,67.9,33.6,96.3,153.9,10.7,153.9,5.8,105,77.1,101.2,202.6
"Land area in square miles, 2010",,61.05,"53,624.76","109,781.18","7,354.22","47,126.40","103,641.89","155,779.22","52,035.48","113,594.08","570,640.95","50,645.33","55,518.93","82,643.12","6,422.63","57,513.49","1,948.54","4,842.36","30,842.92","43,203.90","39,486.34","81,758.72","55,857.13","35,826.11","68,741.52","46,923.27","79,626.74","56,538.90","7,800.06","9,707.24","48,617.91","121,298.15","8,952.65","76,824.17","145,545.80","1,033.81","44,742.70","95,988.01","68,594.92","40,860.69","69,000.80","9,216.66","82,169.62","261,231.71","41,234.90","75,811.00","30,060.70","97,093.14","54,157.80","24,038.21","66,455.52","39,490.09"
FIPS Code,,"""11""","""12""","""32""","""34""","""36""","""08""","""06""","""05""","""04""","""02""","""01""","""17""","""16""","""15""","""13""","""10""","""09""","""23""","""22""","""21""","""20""","""19""","""18""","""29""","""28""","""27""","""26""","""25""","""24""","""37""","""35""","""33""","""31""","""30""","""44""","""42""","""41""","""40""","""39""","""38""","""50""","""49""","""48""","""47""","""46""","""45""","""56""","""55""","""54""","""53""","""51"""
